"symbol","cluster"
"A",2
"AAPL",2
"ADBE",1
"AMD",2
"AMZN",2
"BA",3
"CL",2
"CSCO",2
"EXPE",3
"GOOGL",2
"GRMN",2
"INTC",2
"LMT",1
"MSFT",3
"NFLX",1
"ORCL",2
"BRK.B",3
"META",1
"TSLA",2
"TSM",2
"V",3
"UNH",1
"XOM",2
"MC.PA",1
"WMT",3
"TCEHY",2
"MA",1
"AVGO",1
"AAP",3
"ABT",2
"ADI",3
"ADP",3
"ADSK",3
"AEP",2
"AIG",2
"AMAT",2
"AMGN",3
"APD",3
"AXP",3
"BAC",2
"BMY",2
"C",2
"CAT",3
"CHTR",1
"CMCSA",2
"CRM",3
"CVS",2
"CVX",3
"DHR",3
"DIS",3
"DUK",2
"EMR",2
"F",2
"FDX",3
"GD",3
"GE",2
"GILD",2
"GM",2
"HD",1
"HON",3
"HPQ",2
"JNJ",3
"JPM",3
"KMB",3
"KO",2
"LLY",3
"LOW",3
"MCD",3
"MMM",3
"MO",2
"NVDA",2
"PYPL",3
"ABBV",2
"COST",1
"PFE",2
"TMUS",2
"NKE",2
