"symbol","cluster"
"A",1
"AAPL",1
"ADBE",2
"AMD",1
"AMZN",1
"BA",2
"CL",1
"CSCO",1
"EXPE",3
"GOOGL",1
"GRMN",1
"INTC",1
"LMT",2
"MSFT",3
"NFLX",2
"ORCL",1
"BRK.B",3
"META",3
"TSLA",1
"TSM",1
"V",3
"UNH",2
"XOM",1
"MC.PA",2
"WMT",3
"TCEHY",1
"MA",3
"AVGO",2
"AAP",3
"ABT",1
"ADI",3
"ADP",3
"ADSK",3
"AEP",1
"AIG",1
"AMAT",1
"AMGN",3
"APD",3
"AXP",3
"BAC",1
"BMY",1
"C",1
"CAT",3
"CHTR",4
"CMCSA",1
"CRM",3
"CVS",1
"CVX",3
"DHR",3
"DIS",3
"DUK",1
"EMR",1
"F",1
"FDX",3
"GD",3
"GE",1
"GILD",1
"GM",1
"HD",3
"HON",3
"HPQ",1
"JNJ",3
"JPM",3
"KMB",3
"KO",1
"LLY",3
"LOW",3
"MCD",3
"MMM",3
"MO",1
"NVDA",1
"PYPL",3
"ABBV",1
"COST",2
"PFE",1
"TMUS",1
"NKE",1
