"symbol","cluster"
"A",1
"AAPL",1
"ADBE",1
"AMD",1
"AMZN",1
"BA",3
"CL",3
"CSCO",3
"EXPE",3
"GOOGL",1
"GRMN",1
"INTC",3
"LMT",3
"MSFT",1
"NFLX",1
"ORCL",1
"BRK.B",3
"META",1
"TSLA",1
"TSM",1
"V",1
"UNH",3
"XOM",1
"MC.PA",1
"WMT",1
"TCEHY",1
"MA",1
"AVGO",3
"AAP",3
"ABT",1
"ADI",1
"ADP",3
"ADSK",1
"AEP",3
"AIG",3
"AMAT",1
"AMGN",1
"APD",1
"AXP",1
"BAC",3
"BMY",3
"C",2
"CAT",1
"CHTR",1
"CMCSA",1
"CRM",1
"CVS",2
"CVX",2
"DHR",1
"DIS",1
"DUK",3
"EMR",1
"F",2
"FDX",1
"GD",3
"GE",1
"GILD",2
"GM",3
"HD",3
"HON",1
"HPQ",3
"JNJ",3
"JPM",1
"KMB",1
"KO",3
"LLY",1
"LOW",3
"MCD",3
"MMM",3
"MO",3
"NVDA",3
"PYPL",1
"ABBV",3
"COST",1
"PFE",2
"TMUS",1
"NKE",1
